{"cameraMode":{"drawMode":0,"name":"Shaded","section":"Shading Mode"},"sceneLighting":true,"audioPlay":false,"sceneViewState":{"showFog":true,"showMaterialUpdate":false,"showSkybox":true,"showFlares":true,"showImageEffects":true,"showParticleSystems":true},"in2DMode":false,"pivot":{"x":0.08533477783203125,"y":0.05877685546875,"z":0.011474609375},"rotation":{"x":-0.1968332976102829,"y":0.3441110849380493,"z":-0.07324789464473725,"w":-0.9156150221824646},"size":0.10379821062088013,"orthographic":true}