{"cameraMode":{"drawMode":0,"name":"Shaded","section":"Shading Mode"},"sceneLighting":true,"audioPlay":false,"sceneViewState":{"showFog":true,"showMaterialUpdate":false,"showSkybox":true,"showFlares":true,"showImageEffects":true,"showParticleSystems":true},"in2DMode":false,"pivot":{"x":0.2339332401752472,"y":0.011260757222771645,"z":0.002429844345897436},"rotation":{"x":0.2982628345489502,"y":0.037403058260679248,"z":-0.022078033536672593,"w":0.956032395362854},"size":0.16398164629936219,"orthographic":true}