{"cameraMode":{"drawMode":0,"name":"Shaded","section":"Shading Mode"},"sceneLighting":true,"audioPlay":false,"sceneViewState":{"showFog":true,"showMaterialUpdate":false,"showSkybox":true,"showFlares":true,"showImageEffects":true,"showParticleSystems":true},"in2DMode":false,"pivot":{"x":0.2339332401752472,"y":0.011260757222771645,"z":0.002429844345897436},"rotation":{"x":0.3977772295475006,"y":-0.19085648655891419,"z":0.07370283454656601,"w":0.8970869779586792},"size":0.1365959644317627,"orthographic":true}