{"cameraMode":{"drawMode":0,"name":"Shaded","section":"Shading Mode"},"sceneLighting":true,"audioPlay":false,"sceneViewState":{"showFog":true,"showMaterialUpdate":false,"showSkybox":true,"showFlares":true,"showImageEffects":true,"showParticleSystems":true},"in2DMode":false,"pivot":{"x":0.15856251120567323,"y":0.043779999017715457,"z":0.0},"rotation":{"x":-0.2980686128139496,"y":0.06647999584674835,"z":-0.018160194158554078,"w":-0.9528613686561585},"size":0.17242802679538728,"orthographic":true}