{"cameraMode":{"drawMode":0,"name":"Shaded","section":"Shading Mode"},"sceneLighting":true,"audioPlay":false,"sceneViewState":{"showFog":true,"showMaterialUpdate":false,"showSkybox":true,"showFlares":true,"showImageEffects":true,"showParticleSystems":true},"in2DMode":false,"pivot":{"x":0.2405548095703125,"y":0.001708984375,"z":0.04736328125},"rotation":{"x":0.3523584306240082,"y":0.030091634020209314,"z":-0.0228780135512352,"w":0.9377115964889526},"size":0.1664407104253769,"orthographic":true}