{"cameraMode":{"drawMode":0,"name":"Shaded","section":"Shading Mode"},"sceneLighting":true,"audioPlay":false,"sceneViewState":{"showFog":true,"showMaterialUpdate":false,"showSkybox":true,"showFlares":true,"showImageEffects":true,"showParticleSystems":true},"in2DMode":false,"pivot":{"x":0.12906552851200105,"y":0.05119098722934723,"z":-0.018708769232034684},"rotation":{"x":-0.19363276660442353,"y":0.145616352558136,"z":-0.026210706681013109,"w":-0.9706093072891235},"size":0.1319713294506073,"orthographic":true}